{"cameraMode":{"drawMode":0,"name":"Shaded","section":"Shading Mode"},"sceneLighting":true,"audioPlay":false,"sceneViewState":{"showFog":true,"showMaterialUpdate":false,"showSkybox":true,"showFlares":true,"showImageEffects":true,"showParticleSystems":true},"in2DMode":false,"pivot":{"x":-17.32130241394043,"y":3.7217750549316408,"z":0.5078334808349609},"rotation":{"x":-0.03723352402448654,"y":0.9099739193916321,"z":-0.08377985656261444,"w":-0.4044055640697479},"size":39.66237258911133,"orthographic":false}